{
  "train_losses": [
    1.547458570278608
  ],
  "val_losses": [
    1.2029793752899653
  ],
  "train_accs": [
    0.42842548076923076
  ],
  "val_accs": [
    0.5739
  ],
  "best_val_acc": 0.5739
}