{
  "train_losses": [
    1.5481360174142398
  ],
  "val_losses": [
    1.906730695615841
  ],
  "train_accs": [
    0.39797240996204053
  ],
  "val_accs": [
    0.35809906291834004
  ],
  "best_val_acc": 0.35809906291834004
}