{
  "train_losses": [
    2.034367095201443
  ],
  "val_losses": [
    1.917750293695474
  ],
  "train_accs": [
    0.243521388716677
  ],
  "val_accs": [
    0.28333574634428843
  ],
  "best_val_acc": 0.28333574634428843
}